編號,行政區,設置地點,取締項目,速限speed,緯度,經度,固定式,轄區分局,取締行向
1,中區,中區建國路與民權路口(西向東),闖紅燈、不依標誌、標線、號誌指示行駛,50,24.135622,120.681878,是,,
2,西區,西區臺灣大道二段與忠明路口(東向西),闖紅燈、不依標誌、標線、號誌指示行駛,60,24.156785,120.659896,是,,
3,西區,西區臺灣大道二段與忠明南路口(西向東),闖紅燈、不依標誌、標線、號誌指示行駛,60,24.157249,120.659288,是,,
4,西區,西區忠明南路口與民生路口(北向南),闖紅燈、不依標誌、標線、號誌指示行駛,50,24.14457,120.657342,是,,
5,西區,西區忠明南路與忠明南路326巷口(南北雙向),超速,50,24.13757,120.657325,是,,
6,西區,西區五權路與英才路口(東向西),闖紅燈、不依標誌、標線、號誌指示行駛,50,24.141408,120.667022,是,,
7,西區,西區建國北路二段101號前(東西雙向),超速,50,24.128282,120.664489,是,,
8,西區,西區建國北路三段與公?路口,闖紅燈、不依標誌、標線、號誌指示行駛、超速,50,24.131825,120.672499,是,,
9,西區,西區福人街與忠明南路,闖紅燈、不依標誌、標線、號誌指示行駛、超速,50,24.142598,120.657352,是,,
10,西區,西區五權西路與五權路口,闖紅燈、不依標誌、標線、號誌指示行駛、超速,50,24.140146,120.664447,是,,
11,北區,北區東光路270號前(北向南),超速,50,24.152458,120.69855,是,,
12,北區,北區崇德路一段與太原路二段路口(北向南),闖紅燈、不依標誌、標線、號誌指示行駛,50,24.165606,120.685095,是,,
13,北區,北區進化北路與學士路口(東向西),闖紅燈、不依標誌、標線、號誌指示行駛,50,24.16301,120.681292,是,,
14,北區,北區三民路三段與崇德路一段路口 (往五權路方向),闖紅燈、不依標誌、標線、號誌指示行駛,50,24.154957,120.686543,是,,
15,北區,北區三民路三段與育才街口(往公園路方向),闖紅燈、不依標誌、標線、號誌指示行駛,50,24.150147,120.684266,是,,
16,北區,北區進化路與興進路口,闖紅燈、不依標誌、標線、號誌指示行駛、超速,50,24.155866,120.694394,是,,
17,北區,北區中清路一段447號前與漢口路三、四段,闖紅燈、不依標誌、標線、號誌指示行駛、超速,50,24.16649,120.673487,是,,
18,東區,東區建成路521號前(東西雙向),超速,50,24.134548,120.695708,是,,
19,東區,東區旱溪西路二段17巷口(南向北),超速,50,24.149634,120.699491,是,,
20,東區,東區環中東路四段與樂業路口(北向南),闖紅燈、不依標誌、標線、號誌指示行駛,50,24.135724,120.70936,是,,
21,東區,東區旱溪西路一段300號前(成功國小往南),超速,50,24.137129,120.69985,是,,
22,東區,東區旱溪東路一段與十甲路路口,闖紅燈、不依標誌、標線、號誌指示行駛、超速,50,24.144616,120.701025,是,,
23,南區,南區南平路97號前(東西雙向),超速,50,24.122249,120.664041,是,,
24,南區,南區忠明南路1265號前(東西雙向),超速,50,24.119066,120.682291,是,,
25,南區,南區文心南路930號前(北向南),超速,60,24.110003,120.660735,是,,
26,南區,南區國光路與南門路口(北向南),闖紅燈、不依標誌、標線、號誌指示行駛,50,24.122667,120.679329,是,,
27,南區,南區復興路一段129號前(東向西),超速,60,24.111053,120.648396,是,,
28,南區,南區復興路一段與工學路口(西向東),闖紅燈、不依標誌、標線、號誌指示行駛,50,24.117343,120.658001,是,,
29,南屯區,南屯區永春南路148號前(西向東),超速,50,24.138644,120.609224,是,,
30,南屯區,南屯區中彰快速道路4.8K(南北雙向),超速,80,24.129442,120.619802,是,,
31,南屯區,南屯區環中路三段與五權西路二段口(北向南),闖紅燈、不依標誌、標線、號誌指示行駛,40,24.149775,120.623196,是,,
32,南屯區,南屯區環中路四段與向上路三段路口,闖紅燈、不依標誌、標線、號誌指示行駛,40,24.144829,120.623503,是,,
33,南屯區,南屯區公益路二段與文心路一段路口,闖紅燈、不依標誌、標線、號誌指示行駛,50,24.150769,120.647317,是,,
34,南屯區,南屯區環中路四段643號前(北向南),超速,60,24.127451,120.629673,是,,
35,南屯區,南屯區向上路五段(西向東、往市區距離精科路360公尺),超速,60,24.151878,120.604405,是,,
36,南屯區,南屯區環中路四段56-8號(南北雙向),超速,60,24.147081,120.623286,是,,
37,南屯區,南屯區五權西路二段1001號前(東西雙向),超速,50,24.146922,120.630354,是,,
38,南屯區,南屯區五權西路三段225-7號前(東西雙向),超速,50,24.154502,120.611018,是,,
39,南屯區,南屯區永春東路1392號對面(西向東),超速,50,24.138729,120.630772,是,,
40,南屯區,南屯區向上路三段418號前(西向東),超速,50,24.145043,120.627251,是,,
41,南屯區,南屯區向上路五段往龍井區方向(距五權西路1.2K處),超速,60,24.161362,120.587189,是,,
42,南屯區,南屯區永春南路往888巷口方向,超速,40,24.142575,120.592256,是,,
43,南屯區,南屯區文心南路近三民西路,超速,50,24.126881,120.646215,是,,
44,南屯區,南屯區永春東路與益豐路路口,闖紅燈、不依標誌、標線、號誌指示行駛、超速,50,24.140208,120.628398,是,,
45,南屯區,南屯區五權西路二段與文心路口,闖紅燈、不依標誌、標線、號誌指示行駛、超速,50,24.140086,120.647339,是,,
46,北屯區,北屯區太原路三段與旱溪東路三段路口,闖紅燈、不依標誌、標線、號誌指示行駛,60,24.164805,120.706021,是,,
47,北屯區,北屯區崇德路二段與文心路四段路口,闖紅燈、不依標誌、標線、號誌指示行駛,50,24.172531,120.68546,是,,
48,北屯區,北屯區四平路仁愛公園旁(西向東),超速,50,24.181917,120.674286,是,,
49,北屯區,北屯區崇德路三段938號前(南北雙向),超速,60,24.203174,120.686702,是,,
50,北屯區,北屯區?子路456號前(南向北),超速,50,24.167745,120.733455,是,,
51,北屯區,北屯區?子路與?子路700巷口(東向西),超速,50,24.176615,120.738278,是,,
52,北屯區,北屯區旱溪東路三段51號前(北向南),超速,50,24.176659,120.710649,是,,
53,北屯區,北屯區太原路三段1027-1號前(西向東),超速,60,24.163551,120.717815,是,,
54,北屯區,北屯區軍功路二段571號前(北向南),超速,50,24.188056,120.718339,是,,
55,北屯區,北屯區松竹路三段與后庄路口,闖紅燈、不依標誌、標線、號誌指示行駛,50,24.192784,120.671495,是,,
56,北屯區,北屯區環中東路三段與太原路三段路口(下閘道及慢車道往太平),闖紅燈、不依標誌、標線、號誌指示行駛,40,24.163439,120.719381,是,,
57,北屯區,北屯區松竹路一段360號前(往環中東路一段方向),超速,50,24.180975,120.72484,是,,
58,北屯區,北屯區東山路二段151-3號前(往市區),超速,50,24.198912,120.765478,是,,
59,北屯區,北屯區祥順路二段398號前(北向南),超速,50,24.176297,120.735187,是,,
60,北屯區,北屯區太原路3段1225號(新平基督長老教會前),超速,60,24.161686,120.725152,是,,
61,北屯區,北屯區東山路二段(大坑國小往新社),超速,50,24.197583,120.748216,是,,
62,北屯區,北屯區北屯路與松竹路口(往市區方向),闖紅燈、不依標誌、標線、號誌指示行駛、超速,50,24.182399,120.70191,是,,
63,北屯區,北屯區崇德路與崇德八路口,闖紅燈、不依標誌、標線、號誌指示行駛、超速,50,24.183263,120.686219,是,,
64,北屯區,北屯區文心路4段715號前,超速,50,24.171766,120.689325,是,,
65,西屯區,西屯區臺灣大道三段與河南路三段路口(往市區),闖紅燈、不依標誌、標線、號誌指示行駛,60,24.164878,120.640725,是,,
66,西屯區,西屯區臺灣大道四段與東大路一段路口(往市區),闖紅燈、不依標誌、標線、號誌指示行駛,50,24.1827,120.6022,是,,
67,西屯區,西屯區中清路二段與環中路一段路口(往大雅區),闖紅燈、不依標誌、標線、號誌指示行駛,50,24.199212,120.65583,是,,
68,西屯區,西屯區環中路三段(南北雙向、龍洋巷50-15號前),超速,60,24.167393,120.630821,是,,
69,西屯區,西屯區環中路二段766號(南向北),超速,60,24.193171,120.642666,是,,
70,西屯區,西屯區市政路123號前(西向東),超速,60,24.158368,120.639972,是,,
71,西屯區,西屯區西屯路三段261號前(西向東),超速,50,24.1901,120.6128,是,,
72,西屯區,西屯區臺灣大道四段近東大路一段(西向東、側門慢車道),超速,40,24.182937,120.60272,是,,
73,西屯區,西屯區臺灣大道四段2088號前(往市區),超速,50,24.1819,120.5978,是,,
74,西屯區,西屯區中彰快速道路13.3K(往中清路方向),超速,80,24.197181,120.650086,是,,
75,西屯區,西屯區中彰快速道路12.7K(往烏日方向),超速,80,24.194983,120.644773,是,,
76,西屯區,西屯區黎明路三段與僑大五路口,超速,50,24.191656,120.64392,是,,
77,西屯區,西屯區安和路99-38號前(南向北),超速,50,24.171977,120.621162,是,,
78,西屯區,西屯區福雅路與西林巷口,闖紅燈、不依標誌、標線、號誌指示行駛,50,24.201817,120.627752,是,,
79,西屯區,西屯區臺灣大道四段與中工三路口,闖紅燈、不依標誌、標線、號誌指示行駛,50,24.181043,120.619837,是,,
80,西屯區,西屯區河南路二段與長安路二段路口,闖紅燈、不依標誌、標線、號誌指示行駛,50,24.172568,120.660653,是,,
81,西屯區,西屯區都會園路(北向南、往西屯路距都會公園1.35公里),超速,50,24.196201,120.594749,是,,
82,西屯區,西屯區福科路617號前往福林路方向中央分隔島,超速,50,24.186693,120.612841,是,,
83,西屯區,西屯區東大路一段450號前往西屯路三段方向,超速,50,24.186529,120.604141,是,,
84,西屯區,西屯區工業區一路100號對面,超速,40,24.170066,120.609704,是,,
85,西屯區,西屯區安和路41之8號(安順路與協和南巷口),超速,50,24.164847,120.618539,是,,
86,西屯區,西屯區環中路與朝馬路口,闖紅燈、不依標誌、標線、號誌指示行駛、超速,50,24.170316,120.632372,是,,
87,豐原區,豐原區圓環北路二段與大順街口,闖紅燈、不依標誌、標線、號誌指示行駛,50,24.260451,120.723553,是,,
88,豐原區,豐原區豐勢路二段與豐年路口,闖紅燈、不依標誌、標線、號誌指示行駛,50,24.261272,120.736851,是,,
89,豐原區,豐原區豐原大道八段(南北雙向、愛心紀念公園前),超速,60,24.256583,120.706631,是,,
90,豐原區,豐原區豐勢路二段與萬順一街口,闖紅燈、不依標誌、標線、號誌指示行駛,50,24.277003,120.759612,是,,
91,豐原區,豐原區豐原大道四段近379號前(東向西),超速,60,24.247549,120.736397,是,,
92,豐原區,豐原區豐原大道六段516號前(東向西),超速,60,24.264331,120.725737,是,,
93,豐原區,豐原區國豐路一段501號(西向東、拖吊場前),超速,50,24.277453,120.712955,是,,
94,豐原區,豐原區豐勢路與國豐路口,闖紅燈、不依標誌、標線、號誌指示行駛、超速,50,24.26891,120.749916,是,,
95,豐原區,豐原區三豐路二段510號前(三豐路二段與國豐路),超速,50,24.27512,120.722057,是,,
96,豐原區,豐原區豐原大道與西勢路口,闖紅燈、不依標誌、標線、號誌指示行駛、超速,50,24.238046,120.7036,是,,
97,豐原區,豐原區中山路與豐原大道路口,闖紅燈、不依標誌、標線、號誌指示行駛、超速,60,24.249547,120.702993,是,,
98,潭子區,潭子區中山路二段與潭子街一段路口,闖紅燈、不依標誌、標線、號誌指示行駛,60,24.210285,120.70532,是,,
99,潭子區,潭子區崇德路四段與雅潭路口,闖紅燈、不依標誌、標線、號誌指示行駛,60,24.21576,120.688341,是,,
100,潭子區,潭子區中山路三段與祥和路口,闖紅燈、不依標誌、標線、號誌指示行駛,60,24.22941,120.708612,是,,
101,潭子區,潭子區豐興路二段(北向南、中89線4.2K),超速,50,24.209266,120.721739,是,,
102,潭子區,潭子區豐興路二段(南向北、中89線3.96K北上),超速,50,24.210612,120.72229,是,,
103,潭子區,潭子區中山路一段261號前(北向南),超速,60,24.198018,120.702974,是,,
104,潭子區,潭子區中彰快速道路19.4K(往東 霧峰方向),超速,80,24.200466,120.709779,是,,
105,潭子區,潭子區中彰快速道路19.4K(往西 快官方向),超速,80,24.20075,120.709751,是,,
106,潭子區,潭子區中山路二段與雅潭路一段口,闖紅燈、不依標誌、標線、號誌指示行駛,60,24.215494,120.705241,是,,
107,神岡區,神岡區崇德路3之1號前(南北雙向),超速,60,24.229821,120.690653,是,,
108,神岡區,神岡區民生路122號前(東西雙向、台10線17.4K),超速,60,24.240812,120.675002,是,,
109,大雅區,大雅區中科路1088號前往永和路方向快慢分隔島,超速,60,24.205421,120.632072,是,,
110,大雅區,大雅區雅潭路三段與雅潭路三段400巷口(橋上),超速,50,24.215734,120.670853,是,,
111,大雅區,大雅區中清路四段397號前,超速,70,24.232263,120.639064,是,,
112,大雅區,大雅區東大路二段與月祥路口,闖紅燈、不依標誌、標線、號誌指示行駛、超速,50,24.220122,120.615296,是,,
113,大雅區,大雅區雅環路一段與雅潭路四段路口,闖紅燈、不依標誌、標線、號誌指示行駛、超速,50,24.221213,120.65354,是,,
114,霧峰區,霧峰區中投公路11.5K(北上),超速,70,24.036856,120.682793,是,,
115,霧峰區,霧峰區中投公路11.4K(南下),超速,70,24.037436,120.681924,是,,
116,霧峰區,霧峰區中正路569-9號前(南向北),超速,60,24.02899,120.41613,是,,
117,霧峰區,霧峰區環河路一段702號(東向西),超速,60,24.087243,120.658119,是,,
118,霧峰區,霧峰區中正路1236號前,超速,50,24.075363,120.700018,是,,
119,霧峰區,霧峰區環河路一段近638號,超速,60,24.085192,120.659269,是,,
120,大里區,大里區中投公路4.4K(北上),超速,70,24.09063,120.66457,是,,
121,大里區,大里區中投公路4.5K(南下),超速,70,24.089635,120.664259,是,,
122,大里區,大里區文心南路與福德路口,闖紅燈、不依標誌、標線、號誌指示行駛,60,24.106166,120.665723,是,,
123,大里區,大里區國光路二段505號前(北向南),超速,50,24.0669,120.40746,是,,
124,大里區,大里區國光路一段72號前(南向北),超速,50,24.05835,120.41064,是,,
125,大里區,大里區德芳南路口與環中東路六段路口,闖紅燈、不依標誌、標線、號誌指示行駛,60,24.06039,120.41471,是,,
126,大里區,大里區環河路一段188號(東向西、中來水泥廠前),超速,60,24.0522,120.40692,是,,
127,大里區,大里區德芳路與樹王路(爽文路)口,闖紅燈、不依標誌、標線、號誌指示行駛、超速,60,24.102864,120.674671,是,,
128,烏日區,烏日區中山路三段與高鐵東路口(往市區方向),闖紅燈、不依標誌、標線、號誌指示行駛,70,24.06411,120.36817,是,,
129,烏日區,烏日區中山路三段與學田路口,闖紅燈、不依標誌、標線、號誌指示行駛,70,24.108591,120.607533,是,,
130,烏日區,烏日區環中路八段與福泰街口,闖紅燈、不依標誌、標線、號誌指示行駛,60,24.086382,120.647893,是,,
131,烏日區,烏日區環中路七段與勤農巷口,闖紅燈、不依標誌、標線、號誌指示行駛,50,24.104821,120.652133,是,,
132,烏日區,烏日區環中路六段與光明路口,闖紅燈、不依標誌、標線、號誌指示行駛,50,24.10689,120.6498,是,,
133,烏日區,烏日區環河路二段(近春源鋼鐵公司),超速,60,24.094531,120.637001,是,,
134,烏日區,烏日區環中路八段599號前(南北雙向),超速,60,24.0466,120.38841,是,,
135,烏日區,烏日區中山路三段917號前,超速,70,24.11225,120.59575,是,,
136,烏日區,烏日區五光路與復光六巷口(五光路往中山路方向路側),闖紅燈、不依標誌、標線、號誌指示行駛,50,24.099432,120.631565,是,,
137,烏日區,烏日區振興街與沙田路一段路口,闖紅燈、不依標誌、標線、號誌指示行駛、超速,40,24.113327,120.587576,是,,
138,大肚區,大肚區自由路與仁德路口,闖紅燈、不依標誌、標線、號誌指示行駛,70,24.146513,120.549043,是,,
139,大肚區,大肚區沙田路三段889巷路口,闖紅燈、不依標誌、標線、號誌指示行駛,70,24.169611,120.542141,是,,
140,龍井區,龍井區西濱路二段與臨港東路二段路口,闖紅燈、不依標誌、標線、號誌指示行駛,60,24.198784,120.513816,是,,
141,龍井區,龍井區中華路一段(南向北、台1線175.5k),超速,70,24.178784,120.543615,是,,
142,龍井區,龍井區中華路一段與茄投路口,闖紅燈、不依標誌、標線、號誌指示行駛,70,24.176163,120.543062,是,,
143,龍井區,龍井區臺灣大道六段與水裡社路口處(台12線10.1K),超速,70,24.192793,120.579932,是,,
144,龍井區,龍井區向上路六段(東向西、中136線10.2K),超速,60,24.176645,120.579162,是,,
145,龍井區,龍井區中華路二段480號前(南向北),超速,70,24.208696,120.539842,是,,
146,龍井區,龍井區向上路八段與193巷口處,超速,60,24.219356,120.537634,是,,
147,龍井區,龍井區臺灣大道五段與遊園南路口,闖紅燈、不依標誌、標線、號誌指示行駛、超速,50,24.186184,120.585585,是,,
148,清水區,清水區中華路與高美路口,闖紅燈、不依標誌、標線、號誌指示行駛,70,24.278491,120.57553,是,,
149,清水區,清水區中華路與鰲峰路口,闖紅燈、不依標誌、標線、號誌指示行駛,70,24.267813,120.566571,是,,
150,清水區,清水區中清路九段91巷口,闖紅燈、不依標誌、標線、號誌指示行駛,60,24.2713,120.564812,是,,
151,清水區,清水區臨港路六段與高美路口,闖紅燈、不依標誌、標線、號誌指示行駛,70,24.2967,120.564021,是,,
152,清水區,清水區臨港路六段與港埠路五段路口,闖紅燈、不依標誌、標線、號誌指示行駛,70,24.294133,120.552481,是,,
153,清水區,清水區臨港路七段(東向西、台17線近1K處),超速,70,24.303308,120.586819,是,,
154,清水區,清水區中山路553號前(北向南),超速,70,24.291665,120.587637,是,,
155,清水區,清水區港埠路三段與中社路口(港埠路上、P171),超速,60,24.276736,120.547654,是,,
156,清水區,清水區臨港路與港埠路路口,闖紅燈、不依標誌、標線、號誌指示行駛、超速,70,24.294133,120.552481,是,,
157,沙鹿區,沙鹿區向上路六段752號前(東向西、龍井交流道),超速,50,24.201292,120.569944,是,,
158,沙鹿區,沙鹿區向上路七段近321號(東西雙向),超速,60,24.210121,120.559743,是,,
159,沙鹿區,沙鹿區中清路七段(西向東、台10線5.5K),超速,60,24.253682,120.574881,是,,
160,沙鹿區,沙鹿區三民路與七賢路口,闖紅燈、不依標誌、標線、號誌指示行駛,60,24.2419,120.570951,是,,
161,沙鹿區,沙鹿區臺灣大道七段與七賢路口,闖紅燈、不依標誌、標線、號誌指示行駛,60,24.238121,120.567671,是,,
162,沙鹿區,沙鹿區臺灣大道六段(東向西、台12線7.4K)【弘光科技大學】,闖紅燈、不依標誌、標線、號誌指示行駛,60,24.216763,120.580823,是,,
163,沙鹿區,沙鹿區臺灣大道七段(東向西、台12線6.4K)【靜宜大學】,闖紅燈、不依標誌、標線、號誌指示行駛,60,24.2254,120.577103,是,,
164,沙鹿區,沙鹿區臺灣大道七段466號前(東向西),超速,60,24.2327,120.572408,是,,
165,沙鹿區,沙鹿區中清路六段(東向西、台10線9.2K)【清泉所】,超速,70,24.24623,120.60923,是,,
166,沙鹿區,沙鹿區中清路七段(東向西、台10線6.7K),超速,60,24.25025,120.58471,是,,
167,沙鹿區,沙鹿區臺灣大道七段與晉文路口,闖紅燈、不依標誌、標線、號誌指示行駛,60,24.22331,120.578425,是,,
168,沙鹿區,沙鹿區東大路二段1507號(東大路二段與清泉路口),超速,50,24.240447,120.614606,是,,
169,沙鹿區,沙鹿區中清路5段535巷口,超速,70,24.242765,120.619012,是,,
170,梧棲區,梧棲區港埠路二段與大智路二段路口,闖紅燈、不依標誌、標線、號誌指示行駛,60,24.258166,120.539424,是,,
171,梧棲區,梧棲區中華路一段(北向南、台1線168.5K),超速,70,24.236661,120.548323,是,,
172,梧棲區,梧棲區臺灣大道八段與港埠路口,闖紅燈、不依標誌、標線、號誌指示行駛、超速,60,24.249953,120.536376,是,,
173,大甲區,大甲區經國路與育英路口,闖紅燈、不依標誌、標線、號誌指示行駛,60,24.353781,120.618761,是,,
174,大甲區,大甲區經國路與和平路口,闖紅燈、不依標誌、標線、號誌指示行駛,60,24.356601,120.622803,是,,
175,大甲區,大甲區經國路與光明路口,闖紅燈、不依標誌、標線、號誌指示行駛,60,24.347183,120.616963,是,,
176,大甲區,大甲區經國路與通天路口,闖紅燈、不依標誌、標線、號誌指示行駛,70,24.382695,120.651501,是,,
177,大甲區,大甲區中山路二段與幼獅路口,闖紅燈、不依標誌、標線、號誌指示行駛,70,24.408593,120.643621,是,,
178,大甲區,大甲區中山路一段近東安路處(南向北),超速,70,24.326071,120.608823,是,,
179,大甲區,大甲區經國路與大安港路口,闖紅燈、不依標誌、標線、號誌指示行駛,60,24.349341,120.617065,是,,
180,大甲區,大甲區大安溪南端橋墩南下車道(經國路東西七路口),闖紅燈、不依標誌、標線、號誌指示行駛、超速,70,24.36607,120.64164,是,,
181,大安區,大安區西濱公路(台61線)143.5K(近南埔路),超速,40,24.338978,120.570563,是,,
182,大安區,大安區西濱公路(台61線)與南安路口,闖紅燈、不依標誌、標線、號誌指示行駛,40,24.349533,120.578101,是,,
183,后里區,后里區三豐路三段(正隆紙廠)前(北向南),闖紅燈、不依標誌、標線、號誌指示行駛,60,24.284721,120.722551,是,,
184,后里區,后里區三豐路五段(北向南、中社花市前),超速,60,24.33512,120.7308,是,,
185,后里區,后里區三豐路三段與枋寮路口,超速,60,24.291349,120.723431,是,,
186,后里區,后里區后科路三段與二圳路口(G6281 BA14燈桿),超速,60,24.3187,120.709806,是,,
187,太平區,太平區中彰快速道路27.5K(往大里方向),超速,80,24.1369,120.709876,是,,
188,太平區,太平區中彰快速道路25.9K(往潭子方向),超速,80,24.149886,120.714855,是,,
189,太平區,太平區中彰快速道路東平路匝道口,闖紅燈、不依標誌、標線、號誌指示行駛,40,24.1347,120.709768,是,,
190,太平區,太平區祥順路一段310號前(南北雙向),超速,50,24.15363,120.725218,是,,
191,太平區,太平區環中東路四段與十甲路口,闖紅燈、不依標誌、標線、號誌指示行駛,50,24.144119,120.712039,是,,
192,太平區,太平區環中東路三段(北向南、育才路與樹孝路67巷間),超速,50,24.154286,120.716785,是,,
193,太平區,太平區長龍路1段139號對面,超速,50,24.131111,120.741444,是,,
194,太平區,太平區長龍路4段25巷口,超速,40,24.108113,120.781618,是,,
195,太平區,太平區長龍路4段35.5K,超速,30,24.089516,120.816942,是,,
196,太平區,太平區市民大道一段與溪州西路口,闖紅燈、不依標誌、標線、號誌指示行駛、超速,50,24.140752,120.713751,是,,
197,東勢區,東勢區東關路六段與新盛街口,闖紅燈、不依標誌、標線、號誌指示行駛,60,24.237773,120.834561,是,,
198,東勢區,東勢區東關路六段199巷口,闖紅燈、不依標誌、標線、號誌指示行駛,60,24.221623,120.837111,是,,
199,東勢區,東勢區東關路六段近262巷(東向西),超速,60,24.222034,120.837181,是,,
200,東勢區,東勢區東蘭路(北向南、台3線152.3K),超速,60,24.291848,120.800086,是,,
201,東勢區,東勢區東關路與豐勢路口,闖紅燈、不依標誌、標線、號誌指示行駛、超速,50,24.261785,120.823156,是,,
202,東勢區,東勢區東蘭路153-2號前,超速,60,24.2828,120.809409,是,,
203,石岡區,石岡區明德路與大勇街口,闖紅燈、不依標誌、標線、號誌指示行駛,70,24.275591,120.773121,是,,
204,石岡區,石岡區豐勢路與廣華街口,超速,70,24.275433,120.782723,是,,
205,石岡區,石岡區豐勢路與萬仙街口,闖紅燈、不依標誌、標線、號誌指示行駛,70,24.27301,120.791119,是,,
206,石岡區,石岡區明德路與金川巷口,闖紅燈、不依標誌、標線、號誌指示行駛,70,24.2748,120.773747,是,,
207,石岡區,石岡區明德路68之2號前,超速,70,24.27415,120.77903,是,,
208,西屯區,西屯區中科路近經貿五路口(南往北方向),超速,50,24.19022362,120.6564593,是,,
209,豐原區,豐原區豐原大道4段與南陽路口,超速,60,24.24387397,120.7301252,是,,
210,東區,東區環中東路近東義街口,超速,50,24.13168736,120.7070693,是,,
211,大雅區,大雅區民生路4段37號,超速,60,24.23636225,120.6680272,是,,
212,大里區,大里區中興路1段288號,超速,50,24.08715693,120.6961637,是,,
213,大里區,大里區台74線快速道路35公里處,超速,80,24.07607591,120.6840081,是,,
214,龍井區,臨港東路2段與西濱路2段口,超速,60,24.19847888,120.5142906,是,,
215,梧棲區,梧棲區中華路與中華路1段250巷前,超速,70,24.22396132,120.5441136,是,,
216,太平區,太平區太堤東路、光興路1215巷口,超速,40,24.12271435,120.7310827,是,,
1,西區,,,50,120.6737215,24.14342495,否,,
2,西區,,,50,120.6722571,24.14476594,否,,
3,西區,,,60,120.6600744,24.15685772,否,,
4,西區,,,50,120.6710116,24.15014139,否,,
5,西區,,,50,120.664611,24.12825,否,,
6,西區,,,50,120.6647293,24.130502,否,,
7,中區,,,50,120.6794761,24.14251489,否,,
8,西區,,,50,120.6690586,24.15160211,否,,
9,西區,,,50,120.6700885,24.14772529,否,,
10,西區,,,50,120.6628076,24.1613619,否,,
11,西區,,,50,120.6772071,24.14041059,否,,
12,西區,,,60,120.6637539,24.15483458,否,,
13,西區,,,60,120.6625774,24.15570735,否,,
14,西區,,,50,120.6652434,24.14803972,否,,
15,西區,,,50,120.6694255,24.13882191,否,,
16,西區,,,50,120.6512967,24.14499931,否,,
17,西區,,,50,120.6662889,24.13429043,否,,
18,西區,,,50,120.6572655,24.14129444,否,,
19,西區,,,50,120.6551317,24.15085881,否,,
20,西區,,,50,120.6512606,24.14678864,否,,
21,西區,,,50,120.6779682,24.13410415,否,,
22,西區,,,50,120.6738122,24.1350461,否,,
23,北區,,,50,120.6985787,24.15347108,否,,
24,北區,,,50,120.6996641,24.15899634,否,,
25,北區,,,50,120.6786188,24.17291879,否,,
26,北區,,,50,120.691831,24.16044496,否,,
27,北區,,,50,120.6731574,24.16690821,否,,
28,北區,,,50,120.6856231,24.15592601,否,,
29,北區,,,50,120.6723243,24.14454332,否,,
30,北區,,,50,120.6848891,24.15109411,否,,
31,北區,,,50,120.7037837,24.15777793,否,,
32,北區,,,50,120.6856774,24.1432682,否,,
33,北區,,,50,120.6727306,24.16881545,否,,
34,北區,,,50,120.6895936,24.15778956,否,,
35,北區,,,50,120.683563,24.14827906,否,,
36,北區,,,50,120.6850474,24.16035302,否,,
37,北區,,,50,120.6859988,24.14461123,否,,
38,北區,,,50,120.6721068,24.17009731,否,,
39,北區,,,50,120.6739492,24.16486355,否,,
40,北區,,,50,120.6888742,24.15693603,否,,
41,北區,,,50,120.6850128,24.16303483,否,,
42,北區,,,50,120.6850461,24.16514267,否,,
43,北區,,,50,120.6850158,24.15911806,否,,
44,北區,,,50,120.6770431,24.16520973,否,,
45,北區,,,50,120.6766546,24.16327064,否,,
46,北區,,,50,120.6883591,24.16312825,否,,
47,北區,,,50,120.6754545,24.16546903,否,,
48,北區,,,50,120.6823361,24.16532474,否,,
49,北區,,,50,120.6841267,24.14987088,否,,
50,北區,,,50,120.7038677,24.15960899,否,,
51,北區,,,50,120.6992355,24.15742685,否,,
52,北區,,,50,120.6824883,24.14590272,否,,
53,北區,,,50,120.6838208,24.14632494,否,,
54,北區,,,50,120.6861026,24.14619508,否,,
55,北區,,,50,120.6787704,24.17293666,否,,
56,北區,,,50,120.6733769,24.16691789,否,,
57,北區,,,50,120.6721068,24.17009731,否,,
58,北區,,,50,120.6669032,24.17299064,否,,
59,北區,,,50,120.6851204,24.15760418,否,,
60,北區,,,50,120.6705241,24.15572276,否,,
61,北區,,,50,120.6769298,24.15573055,否,,
62,北區,,,50,120.6773738,24.15283752,否,,
63,北區,,,50,120.6782716,24.14851008,否,,
64,北區,,,50,120.6786602,24.15189328,否,,
65,北區,,,50,120.679667,24.15578196,否,,
66,北區,,,50,120.6666228,24.16684328,否,,
67,北區,,,50,120.6719669,24.1706643,否,,
68,北區,,,50,120.6715275,24.17236146,否,,
69,北區,,,50,120.6656985,24.16519623,否,,
70,北區,,,50,120.6640819,24.16215496,否,,
71,北區,,,50,120.6705832,24.17357167,否,,
72,北區,,,50,120.6735578,24.17386286,否,,
73,北區,,,50,120.6675501,24.16685054,否,,
74,北區,,,50,120.6943266,24.15755293,否,,
75,北區,,,50,120.6918575,24.16013458,否,,
76,北區,,,50,120.6874848,24.16294145,否,,
77,北區,,,50,120.6898225,24.1577073,否,,
78,北區,,,50,120.6856452,24.15593616,否,,
79,北區,,,50,120.6814411,24.15577176,否,,
80,北區,,,50,120.6809816,24.16303498,否,,
81,北區,,,50,120.6804803,24.16542953,否,,
82,北區,,,50,120.6883062,24.15666562,否,,
83,北區,,,50,120.6825607,24.15342443,否,,
84,北區,,,50,120.6772978,24.15392474,否,,
85,北區,,,50,120.6744896,24.16292078,否,,
86,北區,,,50,120.6808728,24.15913877,否,,
87,北區,,,50,120.6866861,24.14787241,否,,
88,北區,,,50,120.6881218,24.15100033,否,,
89,北區,,,50,120.6944054,24.15991206,否,,
90,北區,,,50,120.6842862,24.15412079,否,,
91,東區,,,50,120.69959,24.15011,否,,
92,南區,,,50,120.66067,24.11067,否,,
93,南區,,,50,120.65931,24.1119,否,,
94,南區,,,50,120.6606,24.12608,否,,
95,南區,,,50,120.66092,24.1263,否,,
96,南區,,,50,120.6473,24.11929,否,,
97,南區,,,50,120.6473,24.11929,否,,
98,東區,,,50,120.7050491,24.12803837,否,,
99,東區,,,50,120.70423,24.12701,否,,
100,東區,,,50,120.70022,24.13213,否,,
101,東區,,,50,120.69982,24.13732,否,,
102,南區,,,50,120.66011,24.12043,否,,
103,南區,,,50,120.66081,24.11034,否,,
104,東區,,,50,120.6979855,24.14743896,否,,
105,東區,,,50,120.6958024,24.13440197,否,,
106,南區,,,50,120.6673193,24.11918438,否,,
107,南屯區,,,40,120.589013,24.159846,否,,
108,南屯區,,,50,120.630093,24.127477,否,,
109,南屯區,,,50,120.625563,24.131157,否,,
110,南屯區,,,50,120.626213,24.130477,否,,
111,南屯區,,,50,120.625273,24.131546,否,,
112,南屯區,,,50,120.646822,24.145984,否,,
113,南屯區,,,50,120.646596,24.145993,否,,
114,南屯區,,,50,120.649766,24.13996,否,,
115,南屯區,,,50,120.625264,24.132543,否,,
116,南屯區,,,50,120.605492,24.138984,否,,
117,南屯區,,,50,120.611745,24.135906,否,,
118,南屯區,,,50,120.638274,24.118503,否,,
119,南屯區,,,50,120.636439,24.121166,否,,
120,南屯區,,,50,120.634918,24.12262,否,,
121,南屯區,,,50,120.637647,24.119911,否,,
122,南屯區,,,50,120.636437,24.121136,否,,
123,南屯區,,,50,120.623883,24.153607,否,,
124,南屯區,,,50,120.647072,24.124549,否,,
125,北屯區,,,50,120.7220455,24.18789984,否,,
126,北屯區,,,50,120.7238144,24.18133854,否,,
127,北屯區,,,50,120.6627321,24.18762754,否,,
128,北屯區,,,50,120.6598616,24.18978173,否,,
129,北屯區,,,50,120.6737363,24.19020216,否,,
130,北屯區,,,50,120.6868185,24.20403752,否,,
131,北屯區,,,50,120.7639728,24.19874266,否,,
132,北屯區,,,50,120.7532185,24.19961371,否,,
133,北屯區,,,40,120.724753,24.16153486,否,,
134,北屯區,,,50,120.6778702,24.17358801,否,,
135,北屯區,,,50,120.6992477,24.17715549,否,,
136,北屯區,,,50,120.7057661,24.18241121,否,,
137,北屯區,,,30,120.6605128,24.17804713,否,,
138,北屯區,,,40,120.7315144,24.16147409,否,,
139,北屯區,,,50,120.7307422,24.17754586,否,,
140,北屯區,,,50,120.7450467,24.18300169,否,,
141,北屯區,,,50,120.7710796,24.19940333,否,,
142,北屯區,,,50,120.6864594,24.18293784,否,,
143,北屯區,,,50,120.6982179,24.20107817,否,,
144,北屯區,,,50,120.6872543,24.19241099,否,,
145,北屯區,,,50,120.688325,24.18366584,否,,
146,北屯區,,,50,120.7078058,24.18244122,否,,
147,北屯區,,,50,120.670625,24.1754646,否,,
148,北屯區,,,50,120.6680655,24.17943784,否,,
149,北屯區,,,50,120.695675,24.17059816,否,,
150,北屯區,,,50,120.6941049,24.16439361,否,,
151,北屯區,,,60,120.7068041,24.16467799,否,,
152,北屯區,,,60,120.7174755,24.16394138,否,,
153,北屯區,,,50,120.6845361,24.18168604,否,,
154,北屯區,,,50,120.6772482,24.18537069,否,,
155,北屯區,,,50,120.6713128,24.19359624,否,,
156,北屯區,,,50,120.7354983,24.17760716,否,,
157,北屯區,,,50,120.7699937,24.19758921,否,,
158,北屯區,,,50,120.6895746,24.17164378,否,,
159,北屯區,,,50,120.7462417,24.19132011,否,,
160,北屯區,,,50,120.6917466,24.20173115,否,,
161,北屯區,,,50,120.7206569,24.16793693,否,,
162,北屯區,,,50,120.7205448,24.17408837,否,,
163,北屯區,,,50,120.6691376,24.1738583,否,,
164,北屯區,,,30,120.6604175,24.17808727,否,,
165,北屯區,,,50,120.6817197,24.19792682,否,,
166,北屯區,,,50,120.6830474,24.19787582,否,,
167,北屯區,,,50,120.7267593,24.17639528,否,,
168,北屯區,,,50,120.7001664,24.17751308,否,,
169,北屯區,,,50,120.698337,24.20023085,否,,
170,北屯區,,,50,120.6982608,24.20106838,否,,
171,北屯區,,,50,120.7025033,24.18229772,否,,
172,北屯區,,,50,120.6924081,24.1712431,否,,
173,北屯區,,,50,120.7097034,24.16979898,否,,
174,北屯區,,,50,120.6999698,24.1625114,否,,
175,北屯區,,,50,120.7009563,24.16019074,否,,
176,北屯區,,,50,120.7180567,24.19055543,否,,
177,北屯區,,,50,120.7197617,24.17968847,否,,
178,北屯區,,,50,120.7186882,24.17041447,否,,
179,北屯區,,,50,120.6723115,24.17428046,否,,
180,北屯區,,,50,120.6586357,24.18004414,否,,
181,北屯區,,,50,120.6577806,24.18751695,否,,
182,北屯區,,,50,120.662455,24.18680843,否,,
183,北屯區,,,50,120.6617014,24.18501978,否,,
184,北屯區,,,50,120.6631675,24.18528443,否,,
185,北屯區,,,50,120.6859337,24.18285954,否,,
186,北屯區,,,50,120.6862341,24.18934289,否,,
187,北屯區,,,50,120.6865122,24.1997191,否,,
188,北屯區,,,50,120.6908628,24.19780292,否,,
189,北屯區,,,50,120.6982501,24.20113688,否,,
190,北屯區,,,50,120.679007,24.1835788,否,,
191,北屯區,,,50,120.688757,24.1721435,否,,
192,北屯區,,,50,120.6862892,24.1724233,否,,
193,北屯區,,,50,120.6749748,24.17410731,否,,
194,北屯區,,,50,120.680991,24.17265909,否,,
195,北屯區,,,50,120.6868392,24.17183859,否,,
196,北屯區,,,50,120.6953334,24.17130348,否,,
197,北屯區,,,50,120.6920324,24.17177158,否,,
198,北屯區,,,50,120.7019376,24.18338274,否,,
199,北屯區,,,50,120.710642,24.1917905,否,,
200,北屯區,,,50,120.7455747,24.18867045,否,,
201,北屯區,,,50,120.7279308,24.17699177,否,,
202,北屯區,,,50,120.7098734,24.17195105,否,,
203,北屯區,,,50,120.6996908,24.16244288,否,,
204,北屯區,,,50,120.6767422,24.17861853,否,,
205,北屯區,,,50,120.6769951,24.17941958,否,,
206,北屯區,,,50,120.6766825,24.17767947,否,,
207,北屯區,,,50,120.6773503,24.18297321,否,,
208,北屯區,,,50,120.6751984,24.18331842,否,,
209,北屯區,,,50,120.6722031,24.19327366,否,,
210,北屯區,,,50,120.6924284,24.19301661,否,,
211,北屯區,,,50,120.6905616,24.19281109,否,,
212,北屯區,,,50,120.6904864,24.18827984,否,,
213,北屯區,,,50,120.6904113,24.18687052,否,,
214,北屯區,,,50,120.6822769,24.18469938,否,,
215,北屯區,,,50,120.6816646,24.17798714,否,,
216,北屯區,,,50,120.6819436,24.17930847,否,,
217,北屯區,,,50,120.6819114,24.1804634,否,,
218,北屯區,,,50,120.6819757,24.18182385,否,,
219,北屯區,,,50,120.6822225,24.18692298,否,,
220,北屯區,,,50,120.6822118,24.18555279,否,,
221,北屯區,,,50,120.7073525,24.18776739,否,,
222,北屯區,,,50,120.6855901,24.17453907,否,,
223,北屯區,,,50,120.6828869,24.17327076,否,,
224,北屯區,,,50,120.6680755,24.17868388,否,,
225,北屯區,,,50,120.7109758,24.1910794,否,,
226,北屯區,,,50,120.7111475,24.19080537,否,,
227,北屯區,,,50,120.6937804,24.16397433,否,,
228,北屯區,,,50,120.7012105,24.17971915,否,,
229,北屯區,,,60,120.6868131,24.20360534,否,,
230,北屯區,,,50,120.7182315,24.18261896,否,,
231,西屯區,,,50,120.656445,24.189946,否,,
232,西屯區,,,40,120.639995,24.168729,否,,
233,西屯區,,,50,120.6566031,24.17002902,否,,
234,西屯區,,,50,120.6574283,24.17002513,否,,
235,西屯區,,,50,120.6404998,24.19016322,否,,
236,西屯區,,,50,120.593812,24.17840077,否,,
237,南屯區,,,50,120.5927167,24.1792354,否,,
238,南屯區,,,50,120.602592,24.1593,否,,
239,西屯區,,,50,120.648302,24.160345,否,,
240,西屯區,,,40,120.648742,24.162777,否,,
241,西屯區,,,60,120.62728,24.159633,否,,
242,西屯區,,,40,120.634986,24.172413,否,,
243,西屯區,,,60,120.592354,24.191792,否,,
244,西屯區,,,40,120.626252,24.177409,否,,
245,西屯區,,,50,120.599228,24.192028,否,,
246,西屯區,,,50,120.656098,24.192186,否,,
247,西屯區,,,50,120.652024,24.185885,否,,
248,西屯區,,,60,120.632862,24.204657,否,,
249,西屯區,,,50,120.60775,24.195571,否,,
250,西屯區,,,50,120.628733,24.180937,否,,
251,西屯區,,,50,120.6289529,24.17627904,否,,
252,豐原區,,,50,120.754385,24.274042,否,,
253,豐原區,,,40,120.751999,24.260703,否,,
254,豐原區,,,50,120.747327,24.269351,否,,
255,豐原區,,,60,120.713603,24.243538,否,,
256,豐原區,,,50,120.724045,24.221223,否,,
257,豐原區,,,60,120.711939,24.23686,否,,
258,豐原區,,,60,120.727639,24.249508,否,,
259,豐原區,,,60,120.703454,24.253323,否,,
260,豐原區,,,50,120.711879,24.267632,否,,
261,豐原區,,,50,120.724702,24.272673,否,,
262,豐原區,,,60,120.731158,24.244893,否,,
263,豐原區,,,50,120.727639,24.249508,否,,
264,神岡區,,,60,120.690748,24.22938,否,,
265,神岡區,,,60,120.675554,24.241511,否,,
266,神岡區,,,50,120.645816,24.255455,否,,
267,神岡區,,,50,120.64216,24.285955,否,,
268,神岡區,,,40,120.697561,24.27934,否,,
269,大雅區,,,50,120.6134407,24.22963875,否,,
270,大雅區,,,50,120.6138846,24.23387428,否,,
271,大雅區,,,50,120.6456555,24.21156804,否,,
272,大雅區,,,60,120.6607227,24.23205466,否,,
273,大雅區,,,50,120.6338912,24.24339214,否,,
274,大雅區,,,50,120.6592699,24.21996211,否,,
275,大雅區,,,60,120.6549994,24.22094164,否,,
276,大雅區,,,50,120.629435,24.225924,否,,
277,大雅區,,,50,120.672108,24.228911,否,,
278,大雅區,,,50,120.604026,24.226806,否,,
279,潭子區,,,50,120.6801479,24.21580855,否,,
280,潭子區,,,50,120.6818621,24.21605467,否,,
281,潭子區,,,40,120.7158729,24.21322865,否,,
282,潭子區,,,40,120.7161812,24.21441836,否,,
283,潭子區,,,40,120.7158729,24.21322865,否,,
284,潭子區,,,40,120.7166642,24.21150555,否,,
285,潭子區,,,60,120.7127727,24.22135635,否,,
286,潭子區,,,60,120.7128741,24.21946939,否,,
287,潭子區,,,60,120.7128741,24.21946939,否,,
288,潭子區,,,50,120.7226214,24.20296085,否,,
289,潭子區,,,50,120.7238547,24.22033024,否,,
290,霧峰區,,,60,120.695796,24.055746,否,,
291,霧峰區,,,40,120.66298,24.06312,否,,
292,霧峰區,,,40,120.66293,24.06312,否,,
293,霧峰區,,,40,120.66756,24.04583,否,,
294,霧峰區,,,40,120.667231,24.060034,否,,
295,霧峰區,,,60,120.696218,24.018882,否,,
296,霧峰區,,,60,120.696555,24.029992,否,,
297,霧峰區,,,60,120.688458,24.035242,否,,
298,霧峰區,,,40,120.677421,24.03974,否,,
299,霧峰區,,,50,120.7065678,24.0764491,否,,
300,霧峰區,,,50,120.7034854,24.07608942,否,,
301,大里區,,,40,120.677389,24.086675,否,,
302,大里區,,,40,120.667372,24.083448,否,,
303,大里區,,,50,120.666908,24.08349,否,,
304,大里區,,,40,120.68387,24.09094,否,,
305,大里區,,,40,120.68186,24.09841,否,,
306,大里區,,,50,120.696215,24.086706,否,,
307,大里區,,,50,120.70085,24.12045,否,,
308,大里區,,,40,120.69445,24.10803,否,,
309,烏日區,,,50,120.5851752,24.11284131,否,,
310,烏日區,,,40,120.6513942,24.09129489,否,,
311,烏日區,,,50,120.6342711,24.11072298,否,,
312,烏日區,,,50,120.634041,24.1109265,否,,
313,烏日區,,,50,120.6317048,24.04504934,否,,
314,大肚區,,,60,120.5423939,24.16691977,否,,
315,大肚區,,,50,120.5688404,24.12188253,否,,
316,大肚區,,,50,120.5682203,24.12173106,否,,
317,大肚區,,,50,120.5725957,24.15256653,否,,
318,大肚區,,,50,120.5645795,24.15714022,否,,
319,龍井區,,,40,120.5207185,24.21440604,否,,
320,龍井區,,,40,120.5809775,24.19990694,否,,
321,龍井區,,,50,120.5469116,24.19844495,否,,
322,龍井區,,,70,120.5409349,24.21251015,否,,
323,清水區,,,70,120.55939,24.25837,否,,
324,清水區,,,40,120.59001,24.30798,否,,
325,清水區,,,50,120.58865,24.29372,否,,
326,清水區,,,70,120.60365,24.31089,否,,
327,清水區,,,50,120.59014,24.30794,否,,
328,清水區,,,60,120.54339,24.27776,否,,
329,清水區,,,60,120.54144,24.26542,否,,
330,清水區,,,70,120.55172,24.29324,否,,
331,梧棲區,,,60,120.52922,24.23561,否,,
332,梧棲區,,,60,120.53001,24.23677,否,,
333,梧棲區,,,70,120.55416,24.24877,否,,
334,梧棲區,,,60,120.53167,24.23897,否,,
335,梧棲區,,,40,120.53348,24.25074,否,,
336,梧棲區,,,70,120.51506,24.23158,否,,
337,梧棲區,,,40,120.52627,24.24175,否,,
338,沙鹿區,,,50,120.5542,24.21857,否,,
339,沙鹿區,,,40,120.57169,24.23464,否,,
340,沙鹿區,,,40,120.57124,24.23481,否,,
341,沙鹿區,,,40,120.58097,24.21131,否,,
342,大甲區,,,60,120.62665,24.358404,否,,
343,大甲區,,,60,120.65537,24.372029,否,,
344,大甲區,,,60,120.630597,24.392846,否,,
345,大甲區,,,50,120.639202,24.38995,否,,
346,大甲區,,,60,120.674656,24.36552,否,,
347,大安區,,,90,120.592561,24.380881,否,,
348,后里區,,,60,120.6769,24.290261,否,,
349,后里區,,,60,120.732401,24.342605,否,,
350,后里區,,,60,120.723508,24.290929,否,,
351,后里區,,,60,120.672762,24.317226,否,,
352,外埔區,,,70,120.646947,24.327852,否,,
353,太平區,,,50,120.729833,24.134972,否,,
354,太平區,,,40,120.729694,24.125139,否,,
355,太平區,,,40,120.723667,24.114361,否,,
356,太平區,,,40,120.718556,24.111028,否,,
357,太平區,,,40,120.70275,24.117444,否,,
358,太平區,,,50,120.702333,24.154361,否,,
359,太平區,,,50,120.703583,24.15675,否,,
360,太平區,,,50,120.701361,24.151167,否,,
361,太平區,,,50,120.704889,24.156972,否,,
362,太平區,,,50,120.719639,24.138667,否,,
363,太平區,,,50,120.70426,24.14819375,否,,
364,太平區,,,50,120.733734,24.157939,否,,
365,太平區,,,50,120.7268723,24.15392945,否,,
366,太平區,,,50,120.7369853,24.15689396,否,,
367,太平區,,,50,120.7205605,24.14032974,否,,
368,太平區,,,50,120.712111,24.146806,否,,
369,太平區,,,50,120.7105,24.138139,否,,
370,太平區,,,50,120.7049196,24.15704586,否,,
371,太平區,,,50,120.733357,24.152065,否,,
372,太平區,,,40,120.7186,24.10879,否,,
373,太平區,,,40,120.7311,24.12270078,否,,
374,太平區,,,40,120.713322,24.107139,否,,
375,太平區,,,40,120.731067,24.122679,否,,
376,太平區,,,50,120.735335,24.126983,否,,
377,太平區,,,40,120.759582,24.117007,否,,
378,太平區,,,40,120.769673,24.104308,否,,
379,太平區,,,40,120.771237,24.103569,否,,
380,太平區,,,40,120.777035,24.106209,否,,
381,太平區,,,30,120.763878,24.111883,否,,
382,東勢區,,,60,120.836,24.23313,否,,
383,東勢區,,,60,120.8208,24.27326,否,,
384,石岡區,,,50,120.77029,24.27929,否,,
385,東勢區,,,50,120.79442,24.28656,否,,
386,石岡區,,,50,120.77,24.27608,否,,
387,石岡區,,,70,120.76906,24.27658,否,,
388,石岡區,,,70,120.80791,24.26539,否,,
389,石岡區,,,70,120.8099,24.26445,否,,
390,石岡區,,,70,120.81616,24.26035,否,,
391,石岡區,,,70,120.796,24.27093,否,,
392,新社區,,,40,120.8514293,24.156221,否,,
393,新社區,,,40,120.8774435,24.1533922,否,,
394,新社區,,,40,120.8350883,24.1650322,否,,
395,新社區,,,40,120.8772314,24.1500732,否,,
396,新社區,,,40,120.8338409,24.1644513,否,,
397,東勢區,,,50,120.78918,24.28526,否,,
398,東勢區,,,60,120.8014,24.3013,否,,
399,新社區,,,50,120.80323,24.22535,否,,
400,新社區,,,40,120.8123,24.24163,否,,
401,新社區,,,50,120.80541,24.23739,否,,
402,新社區,,,50,120.80823,24.25257,否,,
403,新社區,,,50,120.79582,24.21248,否,,
404,新社區,,,50,120.78427,24.21129,否,,
405,新社區,,,50,120.80344,24.22399,否,,
406,新社區,,,50,120.80649,24.19456,否,,
407,新社區,,,50,120.80236,24.19801,否,,
408,東勢區,,,50,120.83982,24.18105,否,,
409,東勢區,,,60,120.83958,24.21206,否,,
410,東勢區,,,60,120.802728,24.298308,否,,
411,石岡區,,,70,120.7976,24.27004,否,,
412,東勢區,,,60,120.80193,24.29429,否,,
413,石岡區,,,70,120.7959,24.27093,否,,
414,石岡區,,,50,120.77208,24.27831,否,,
415,和平區,,,50,120.884135,24.175178,否,,
416,和平區,,,50,120.884113,24.175176,否,,
417,和平區,,,40,120.884112,24.175179,否,,
418,和平區,,,50,120.904894,24.169848,否,,
419,和平區,,,50,120.910653,24.178848,否,,
420,和平區,,,50,120.947123,24.166732,否,,
421,和平區,,,50,120.948274,24.166795,否,,
422,和平區,,,50,120.966243,24.172001,否,,
423,和平區,,,50,120.972439,24.174317,否,,
424,和平區,,,50,120.972364,24.174229,否,,
425,和平區,,,50,120.980094,24.180022,否,,
426,和平區,,,50,120.989536,24.187102,否,,
427,和平區,,,30,121.012848,24.208583,否,,
428,和平區,,,50,121.206642,24.258246,否,,
429,和平區,,,50,121.207426,24.258638,否,,
430,和平區,,,40,121.257521,24.256076,否,,
431,和平區,,,30,121.349378,24.389964,否,,
432,和平區,,,30,121.349378,24.389964,否,,
433,和平區,,,30,121.340044,24.361743,否,,
434,和平區,,,30,121.340044,24.361743,否,,
435,和平區,,,30,121.282993,24.303703,否,,
436,和平區,,,30,121.266574,24.283251,否,,
437,和平區,,,40,120.884113,24.175174,否,,
438,和平區,,,40,120.907641,24.290908,否,,
439,和平區,,,40,120.884132,24.175176,否,,
440,和平區,,,40,120.884123,24.175169,否,,
441,和平區,,,50,120.923644,24.317273,否,,
442,和平區,,,50,120.922171,24.313756,否,,
443,和平區,,,40,120.920836,24.323738,否,,
444,和平區,,,40,120.931122,24.334794,否,,
445,和平區,,,40,120.935878,24.341113,否,,
446,和平區,,,50,120.924688,24.297699,否,,
447,和平區,,,40,120.8842689,24.1746981,否,,
